Slice,RU,UE,Value
0,0,0,1.0
0,0,1,0.0
0,0,2,0.0
0,0,3,0.0
0,0,4,0.0
0,1,0,0.0
0,1,1,0.0
0,1,2,1.0
0,1,3,0.0
0,1,4,0.0
0,2,0,0.0
0,2,1,0.0
0,2,2,0.0
0,2,3,0.9999999215647131
0,2,4,0.0
0,3,0,0.0
0,3,1,0.0
0,3,2,0.0
0,3,3,7.843528693207702e-08
0,3,4,0.0
