Index,Accepted
0,"[1.00000000e+00 3.15706527e-10 1.00000000e+00 1.00000000e+00
 2.21846986e-10]"
