Index,Accepted
0,"[1.00000000e+00 2.88078057e-09 9.99999943e-01 1.00000000e+00
 7.32664347e-10]"
